ArpeggioRadio,http://146.185.18.251:7067/
Venice,http://listen.radionomy.com/VeniceClassicRadio
Venice Classic Radio Italia,http://109.123.116.202:8008/stream
Classic Channel,http://198.105.216.204:8206/stream
Radio1 Classic,http://37.187.57.33:8066/stream
BBC1,http://bbcmedia.ic.llnwd.net/stream/bbcmedia_radio1_mf_p
BBC2,http://bbcmedia.ic.llnwd.net/stream/bbcmedia_radio2_mf_p
BBC3,http://bbcmedia.ic.llnwd.net/stream/bbcmedia_radio3_mf_p
BBC4,http://bbcmedia.ic.llnwd.net/stream/bbcmedia_radio4fm_mf_p
BBC6 Music,http://bbcmedia.ic.llnwd.net/stream/bbcmedia_6music_mf_p
BBCWorld,http://bbcwssc.ic.llnwd.net/stream/bbcwssc_mp1_ws-eieuk
Radio Newcastle,http://bbcmedia.ic.llnwd.net/stream/bbcmedia_lrnewc_mf_p
Cinemix,http://listen.shoutcast.com/CINEMIX-1
CINEMIX,http://158.69.38.194:9098/stream
CINEMIX,http://158.69.38.195:20082/stream/
ClassicFM,http://media-ice.musicradio.com/ClassicFMMP3
Italy,http://176.31.107.8:8204/
SoloPiano,http://streams.calmradio.com/api/29/128/stream
ArpeggioRadio,http://159.8.16.16:7113/stream
Beethoven Radio,http://listen.radionomy.com/beethoven-radio
Radio Mozart,http://listen.radionomy.com/radio-mozart
Davide of MIMIC,http://uk3.internet-radio.com:8060/stream
Audiophile Classical,http://8.38.78.173:8093/stream
Tesla Broadcast,http://us4.internet-radio.com:8235/stream
Wcjsradio,http://us5.internet-radio.com:8201/stream
Buddhapillow Radio,http://uk3.internet-radio.com:8399/stream
GOLD INSTRUMENTAL,http://45.43.200.42:25858/stream
La Fenice Channel,http://178.32.140.82:9690/stream
CALM RADIO - BACH,http://streams.calmradio.com/api/299/128/stream/
CALM RADIO - BEETHOVEN,http://streams.calmradio.com/api/283/128/stream/
CALM RADIO - BAROQUE,http://streams.calmradio.com/api/173/128/stream/
CALM RADIO - VIVALDI,http://streams.calmradio.com/api/131/128/stream/
CALM RADIO - MOZART,http://streams.calmradio.com/api/303/128/stream
CALM RADIO - SOLO PIANO,http://streams.calmradio.com/api/29/128/stream/
CALM RADIO - CLASSICAL PIANO,http://streams.calmradio.com/api/51/128/stream/
CALM RADIO - SOLO PIANO,http://streams.calmradio.com/api/67/128/stream/
CALM RADIO - JAZZ PIANO,http://streams.calmradio.com/api/43/128/stream/
CALM RADIO - BIG BAND,http://streams.calmradio.com/api/177/128/stream/
CALM RADIO - BLUES,http://streams.calmradio.com/api/89/128/stream/
CALM RADIO - CLASSICAL GUITAR,http://streams.calmradio.com/api/147/128/stream/
CALM RADIO - COCKTAIL JAZZ,http://streams.calmradio.com:21228/stream/
CALM RADIO - JAZZ GUITAR,http://streams.calmradio.com/api/491/128/stream/
CALM RADIO - JUST JAZZ,http://streams.calmradio.com/api/47/128/stream/
CALM RADIO - LIGHT CLASSICAL,http://streams.calmradio.com:21128/stream/
Arabesk Melodi,http://arabeskmelodi.kesintisizyayin.com:8888/